filename,basename,toolid,toolmode,parser_version,runid,start,duration,exit_code,findings,infos,errors,fails
/home/shuo/smartbugs-curated/full/arithmetic.integer_overflow_add_sol_IntegerOverflowAdd.hex,arithmetic.integer_overflow_add_sol_IntegerOverflowAdd.hex,teether,runtime,2/27/2023,20241115_0144,1731606253,0.9684360027313232,0,ALL,,{},{}
/home/shuo/smartbugs-curated/full/bad_randomness.random_number_generator_sol_RandomNumberGenerator.hex,bad_randomness.random_number_generator_sol_RandomNumberGenerator.hex,teether,runtime,2/27/2023,20241115_0144,1731606253,0.9901492595672607,0,ALL,,{},{}
/home/shuo/smartbugs-curated/full/unchecked_low_level_calls.0x19cf8481ea15427a98ba3cdd6d9e14690011ab10_sol_SafeMath.hex,unchecked_low_level_calls.0x19cf8481ea15427a98ba3cdd6d9e14690011ab10_sol_SafeMath.hex,teether,runtime,2/27/2023,20241115_0144,1731606253,0.9974889755249023,0,ALL,,{},{}
/home/shuo/smartbugs-curated/full/reentrancy.0xcead721ef5b11f1a7b530171aab69b16c5e66b6e_sol_Log.hex,reentrancy.0xcead721ef5b11f1a7b530171aab69b16c5e66b6e_sol_Log.hex,teether,runtime,2/27/2023,20241115_0144,1731606253,1.0023272037506104,0,ALL,,{},{}
/home/shuo/smartbugs-curated/full/arithmetic.overflow_simple_add_sol_Overflow_Add.hex,arithmetic.overflow_simple_add_sol_Overflow_Add.hex,teether,runtime,2/27/2023,20241115_0144,1731606254,0.024874210357666016,0,ALL,,{},{}
/home/shuo/smartbugs-curated/full/access_control.parity_wallet_bug_2_sol_WalletEvents.hex,access_control.parity_wallet_bug_2_sol_WalletEvents.hex,teether,runtime,2/27/2023,20241115_0144,1731606254,0.044129133224487305,0,ALL,,{},{}
/home/shuo/smartbugs-curated/full/other.name_registrar_sol_NameRegistrar.hex,other.name_registrar_sol_NameRegistrar.hex,teether,runtime,2/27/2023,20241115_0144,1731606254,0.04599714279174805,0,ALL,,{},{}
/home/shuo/smartbugs-curated/full/reentrancy.0x4320e6f8c05b27ab4707cd1f6d5ce6f3e4b3a5a1_sol_LogFile.hex,reentrancy.0x4320e6f8c05b27ab4707cd1f6d5ce6f3e4b3a5a1_sol_LogFile.hex,teether,runtime,2/27/2023,20241115_0144,1731606253,1.0398428440093994,0,ALL,,{},{}
/home/shuo/smartbugs-curated/full/short_addresses.short_address_example_sol_MyToken.hex,short_addresses.short_address_example_sol_MyToken.hex,teether,runtime,2/27/2023,20241115_0144,1731606254,0.05487537384033203,0,ALL,,{},{}
/home/shuo/smartbugs-curated/full/unchecked_low_level_calls.0x663e4229142a27f00bafb5d087e1e730648314c3_sol_PandaBase.hex,unchecked_low_level_calls.0x663e4229142a27f00bafb5d087e1e730648314c3_sol_PandaBase.hex,teether,runtime,2/27/2023,20241115_0144,1731606253,1.0554988384246826,0,ALL,,{},{}
/home/shuo/smartbugs-curated/full/front_running.ERC20_sol_SafeMath.hex,front_running.ERC20_sol_SafeMath.hex,teether,runtime,2/27/2023,20241115_0144,1731606254,0.07318711280822754,0,ALL,,{},{}
/home/shuo/smartbugs-curated/full/reentrancy.modifier_reentrancy_sol_attack.hex,reentrancy.modifier_reentrancy_sol_attack.hex,teether,runtime,2/27/2023,20241115_0144,1731606254,0.09146428108215332,0,ALL,,{},{}
/home/shuo/smartbugs-curated/full/time_manipulation.timed_crowdsale_sol_TimedCrowdsale.hex,time_manipulation.timed_crowdsale_sol_TimedCrowdsale.hex,teether,runtime,2/27/2023,20241115_0144,1731606254,0.1048121452331543,0,ALL,,{},{}
/home/shuo/smartbugs-curated/full/reentrancy.0x93c32845fae42c83a70e5f06214c8433665c2ab5_sol_Log.hex,reentrancy.0x93c32845fae42c83a70e5f06214c8433665c2ab5_sol_Log.hex,teether,runtime,2/27/2023,20241115_0144,1731606254,0.10775351524353027,0,ALL,,{},{}
/home/shuo/smartbugs-curated/full/unchecked_low_level_calls.unchecked_return_value_sol_ReturnValue.hex,unchecked_low_level_calls.unchecked_return_value_sol_ReturnValue.hex,teether,runtime,2/27/2023,20241115_0144,1731606253,1.1970980167388916,0,ALL,,{},{}
/home/shuo/smartbugs-curated/full/reentrancy.0xf015c35649c82f5467c9c74b7f28ee67665aad68_sol_Log.hex,reentrancy.0xf015c35649c82f5467c9c74b7f28ee67665aad68_sol_Log.hex,teether,runtime,2/27/2023,20241115_0144,1731606254,0.22356343269348145,0,ALL,,{},{}
/home/shuo/smartbugs-curated/full/reentrancy.0x561eac93c92360949ab1f1403323e6db345cbf31_sol_LogFile.hex,reentrancy.0x561eac93c92360949ab1f1403323e6db345cbf31_sol_LogFile.hex,teether,runtime,2/27/2023,20241115_0144,1731606254,0.26722097396850586,0,ALL,,{},{}
/home/shuo/smartbugs-curated/full/access_control.phishable_sol_Phishable.hex,access_control.phishable_sol_Phishable.hex,teether,runtime,2/27/2023,20241115_0144,1731606254,0.31168532371520996,0,ALL,,{},{}
/home/shuo/smartbugs-curated/full/reentrancy.0x627fa62ccbb1c1b04ffaecd72a53e37fc0e17839_sol_Token.hex,reentrancy.0x627fa62ccbb1c1b04ffaecd72a53e37fc0e17839_sol_Token.hex,teether,runtime,2/27/2023,20241115_0144,1731606254,0.37220263481140137,0,ALL,,{},{}
/home/shuo/smartbugs-curated/full/access_control.wallet_04_confused_sign_sol_Wallet.hex,access_control.wallet_04_confused_sign_sol_Wallet.hex,teether,runtime,2/27/2023,20241115_0144,1731606253,1.3782837390899658,0,ALL,"[{'index': 0, 'path': [0, 12, 13, 92, 104, 214, 292, 340]}]",{},{}
/home/shuo/smartbugs-curated/full/unchecked_low_level_calls.0x39cfd754c85023648bf003bea2dd498c5612abfa_sol_Token.hex,unchecked_low_level_calls.0x39cfd754c85023648bf003bea2dd498c5612abfa_sol_Token.hex,teether,runtime,2/27/2023,20241115_0144,1731606254,0.4222984313964844,0,ALL,,{},{}
/home/shuo/smartbugs-curated/full/access_control.incorrect_constructor_name3_sol_Missing.hex,access_control.incorrect_constructor_name3_sol_Missing.hex,teether,runtime,2/27/2023,20241115_0144,1731606254,0.45659732818603516,0,ALL,"[{'index': 0, 'path': [0, 13, 65, 101, 113, 344, 122, 123]}, {'index': 1, 'path': [0, 13, 78, 90, 124, 215, 319]}]",{},{}
/home/shuo/smartbugs-curated/full/reentrancy.0x8c7777c45481dba411450c228cb692ac3d550344_sol_Log.hex,reentrancy.0x8c7777c45481dba411450c228cb692ac3d550344_sol_Log.hex,teether,runtime,2/27/2023,20241115_0144,1731606254,0.6500077247619629,0,ALL,,{},{}
/home/shuo/smartbugs-curated/full/unchecked_low_level_calls.0x39cfd754c85023648bf003bea2dd498c5612abfa_sol_Ownable.hex,unchecked_low_level_calls.0x39cfd754c85023648bf003bea2dd498c5612abfa_sol_Ownable.hex,teether,runtime,2/27/2023,20241115_0144,1731606254,0.6877262592315674,0,ALL,,{},{}
/home/shuo/smartbugs-curated/full/reentrancy.0xb5e1b1ee15c6fa0e48fce100125569d430f1bd12_sol_Log.hex,reentrancy.0xb5e1b1ee15c6fa0e48fce100125569d430f1bd12_sol_Log.hex,teether,runtime,2/27/2023,20241115_0144,1731606254,0.6884584426879883,0,ALL,,{},{}
/home/shuo/smartbugs-curated/full/arithmetic.token_sol_Token.hex,arithmetic.token_sol_Token.hex,teether,runtime,2/27/2023,20241115_0144,1731606254,0.690993070602417,0,ALL,,{},{}
/home/shuo/smartbugs-curated/full/unchecked_low_level_calls.0x39cfd754c85023648bf003bea2dd498c5612abfa_sol_TokenBank.hex,unchecked_low_level_calls.0x39cfd754c85023648bf003bea2dd498c5612abfa_sol_TokenBank.hex,teether,runtime,2/27/2023,20241115_0144,1731606254,0.7436959743499756,0,ALL,,{},{}
/home/shuo/smartbugs-curated/full/unchecked_low_level_calls.0xb37f18af15bafb869a065b61fc83cfc44ed9cc27_sol_SimpleWallet.hex,unchecked_low_level_calls.0xb37f18af15bafb869a065b61fc83cfc44ed9cc27_sol_SimpleWallet.hex,teether,runtime,2/27/2023,20241115_0144,1731606254,0.7824525833129883,0,ALL,,{},{}
/home/shuo/smartbugs-curated/full/access_control.multiowned_vulnerable_sol_MultiOwnable.hex,access_control.multiowned_vulnerable_sol_MultiOwnable.hex,teether,runtime,2/27/2023,20241115_0144,1731606254,0.8308124542236328,0,ALL,,{},{}
/home/shuo/smartbugs-curated/full/reentrancy.spank_chain_payment_sol_ECTools.hex,reentrancy.spank_chain_payment_sol_ECTools.hex,teether,runtime,2/27/2023,20241115_0144,1731606254,0.8315708637237549,0,ALL,,{},{}
/home/shuo/smartbugs-curated/full/reentrancy.0x8c7777c45481dba411450c228cb692ac3d550344_sol_ETH_VAULT.hex,reentrancy.0x8c7777c45481dba411450c228cb692ac3d550344_sol_ETH_VAULT.hex,teether,runtime,2/27/2023,20241115_0144,1731606254,0.8409984111785889,0,ALL,,{},{}
/home/shuo/smartbugs-curated/full/unchecked_low_level_calls.0xb0510d68f210b7db66e8c7c814f22680f2b8d1d6_sol_SafeMath.hex,unchecked_low_level_calls.0xb0510d68f210b7db66e8c7c814f22680f2b8d1d6_sol_SafeMath.hex,teether,runtime,2/27/2023,20241115_0144,1731606254,0.8641307353973389,0,ALL,,{},{}
/home/shuo/smartbugs-curated/full/arithmetic.integer_overflow_minimal_sol_IntegerOverflowMinimal.hex,arithmetic.integer_overflow_minimal_sol_IntegerOverflowMinimal.hex,teether,runtime,2/27/2023,20241115_0144,1731606255,0.29479336738586426,0,ALL,,{},{}
/home/shuo/smartbugs-curated/full/access_control.mycontract_sol_MyContract.hex,access_control.mycontract_sol_MyContract.hex,teether,runtime,2/27/2023,20241115_0144,1731606255,0.31682586669921875,0,ALL,,{},{}
/home/shuo/smartbugs-curated/full/reentrancy.reentrancy_cross_function_sol_Reentrancy_cross_function.hex,reentrancy.reentrancy_cross_function_sol_Reentrancy_cross_function.hex,teether,runtime,2/27/2023,20241115_0144,1731606254,1.345048427581787,0,ALL,,{},{}
/home/shuo/smartbugs-curated/full/bad_randomness.smart_billions_sol_SafeMath.hex,bad_randomness.smart_billions_sol_SafeMath.hex,teether,runtime,2/27/2023,20241115_0144,1731606255,0.3521726131439209,0,ALL,,{},{}
/home/shuo/smartbugs-curated/full/reentrancy.0x7b368c4e805c3870b6c49a3f1f49f69af8662cf3_sol_W_WALLET.hex,reentrancy.0x7b368c4e805c3870b6c49a3f1f49f69af8662cf3_sol_W_WALLET.hex,teether,runtime,2/27/2023,20241115_0144,1731606254,1.5017223358154297,0,ALL,,{},{}
/home/shuo/smartbugs-curated/full/unchecked_low_level_calls.0x8fd1e427396ddb511533cf9abdbebd0a7e08da35_sol_TokenBank.hex,unchecked_low_level_calls.0x8fd1e427396ddb511533cf9abdbebd0a7e08da35_sol_TokenBank.hex,teether,runtime,2/27/2023,20241115_0144,1731606254,1.518892526626587,0,ALL,,{},{}
/home/shuo/smartbugs-curated/full/reentrancy.0x7a8721a9d64c74da899424c1b52acbf58ddc9782_sol_PrivateDeposit.hex,reentrancy.0x7a8721a9d64c74da899424c1b52acbf58ddc9782_sol_PrivateDeposit.hex,teether,runtime,2/27/2023,20241115_0144,1731606255,0.5279319286346436,0,ALL,,{},{}
/home/shuo/smartbugs-curated/full/unchecked_low_level_calls.0x663e4229142a27f00bafb5d087e1e730648314c3_sol_PandaAccessControl.hex,unchecked_low_level_calls.0x663e4229142a27f00bafb5d087e1e730648314c3_sol_PandaAccessControl.hex,teether,runtime,2/27/2023,20241115_0144,1731606255,0.5333340167999268,0,ALL,,{},{}
/home/shuo/smartbugs-curated/full/unchecked_low_level_calls.0x3a0e9acd953ffc0dd18d63603488846a6b8b2b01_sol_Token.hex,unchecked_low_level_calls.0x3a0e9acd953ffc0dd18d63603488846a6b8b2b01_sol_Token.hex,teether,runtime,2/27/2023,20241115_0144,1731606255,0.5390691757202148,0,ALL,,{},{}
/home/shuo/smartbugs-curated/full/unchecked_low_level_calls.mishandled_sol_SendBack.hex,unchecked_low_level_calls.mishandled_sol_SendBack.hex,teether,runtime,2/27/2023,20241115_0144,1731606254,1.6313061714172363,0,ALL,,{},{}
/home/shuo/smartbugs-curated/full/time_manipulation.ether_lotto_sol_EtherLotto.hex,time_manipulation.ether_lotto_sol_EtherLotto.hex,teether,runtime,2/27/2023,20241115_0144,1731606254,1.6625709533691406,0,ALL,,{},{}
/home/shuo/smartbugs-curated/full/access_control.multiowned_vulnerable_sol_TestContract.hex,access_control.multiowned_vulnerable_sol_TestContract.hex,teether,runtime,2/27/2023,20241115_0144,1731606254,1.673142671585083,0,ALL,"[{'index': 0, 'path': [0, 13, 65, 76, 265, 277, 814, 853, 330, 355]}, {'index': 1, 'path': [0, 13, 65, 242, 254, 585, 718, 789]}]",{},{}
/home/shuo/smartbugs-curated/full/reentrancy.0xb5e1b1ee15c6fa0e48fce100125569d430f1bd12_sol_Private_Bank.hex,reentrancy.0xb5e1b1ee15c6fa0e48fce100125569d430f1bd12_sol_Private_Bank.hex,teether,runtime,2/27/2023,20241115_0144,1731606255,0.6812260150909424,0,ALL,,{},{}
/home/shuo/smartbugs-curated/full/denial_of_service.dos_simple_sol_DosOneFunc.hex,denial_of_service.dos_simple_sol_DosOneFunc.hex,teether,runtime,2/27/2023,20241115_0144,1731606255,0.793128490447998,0,ALL,,{},{}
/home/shuo/smartbugs-curated/full/access_control.FibonacciBalance_sol_FibonacciBalance.hex,access_control.FibonacciBalance_sol_FibonacciBalance.hex,teether,runtime,2/27/2023,20241115_0144,1731606254,1.8612110614776611,0,ALL,,{},{}
/home/shuo/smartbugs-curated/full/reentrancy.0x4320e6f8c05b27ab4707cd1f6d5ce6f3e4b3a5a1_sol_ACCURAL_DEPOSIT.hex,reentrancy.0x4320e6f8c05b27ab4707cd1f6d5ce6f3e4b3a5a1_sol_ACCURAL_DEPOSIT.hex,teether,runtime,2/27/2023,20241115_0144,1731606254,1.8722658157348633,0,ALL,,{},{}
/home/shuo/smartbugs-curated/full/bad_randomness.lottery_sol_Lottery.hex,bad_randomness.lottery_sol_Lottery.hex,teether,runtime,2/27/2023,20241115_0144,1731606254,2.0527760982513428,0,ALL,,{},{}
/home/shuo/smartbugs-curated/full/arithmetic.overflow_single_tx_sol_IntegerOverflowSingleTransaction.hex,arithmetic.overflow_single_tx_sol_IntegerOverflowSingleTransaction.hex,teether,runtime,2/27/2023,20241115_0144,1731606256,0.22321057319641113,0,ALL,,{},{}
/home/shuo/smartbugs-curated/full/reentrancy.0x941d225236464a25eb18076df7da6a91d0f95e9e_sol_ETH_FUND.hex,reentrancy.0x941d225236464a25eb18076df7da6a91d0f95e9e_sol_ETH_FUND.hex,teether,runtime,2/27/2023,20241115_0144,1731606255,1.2427079677581787,0,ALL,,{},{}
/home/shuo/smartbugs-curated/full/unchecked_low_level_calls.0x663e4229142a27f00bafb5d087e1e730648314c3_sol_PandaOwnership.hex,unchecked_low_level_calls.0x663e4229142a27f00bafb5d087e1e730648314c3_sol_PandaOwnership.hex,teether,runtime,2/27/2023,20241115_0144,1731606256,0.29009461402893066,0,ALL,,{},{}
/home/shuo/smartbugs-curated/full/front_running.eth_tx_order_dependence_minimal_sol_EthTxOrderDependenceMinimal.hex,front_running.eth_tx_order_dependence_minimal_sol_EthTxOrderDependenceMinimal.hex,teether,runtime,2/27/2023,20241115_0144,1731606254,2.3191089630126953,0,ALL,,{},{}
/home/shuo/smartbugs-curated/full/unchecked_low_level_calls.0x0cbe050f75bc8f8c2d6c0d249fea125fd6e1acc9_sol_Caller.hex,unchecked_low_level_calls.0x0cbe050f75bc8f8c2d6c0d249fea125fd6e1acc9_sol_Caller.hex,teether,runtime,2/27/2023,20241115_0144,1731606256,0.37613511085510254,0,ALL,,{},{}
/home/shuo/smartbugs-curated/full/reentrancy.0x627fa62ccbb1c1b04ffaecd72a53e37fc0e17839_sol_Ownable.hex,reentrancy.0x627fa62ccbb1c1b04ffaecd72a53e37fc0e17839_sol_Ownable.hex,teether,runtime,2/27/2023,20241115_0144,1731606256,0.40419530868530273,0,ALL,,{},{}
/home/shuo/smartbugs-curated/full/reentrancy.0x7b368c4e805c3870b6c49a3f1f49f69af8662cf3_sol_Log.hex,reentrancy.0x7b368c4e805c3870b6c49a3f1f49f69af8662cf3_sol_Log.hex,teether,runtime,2/27/2023,20241115_0144,1731606256,0.4197556972503662,0,ALL,,{},{}
/home/shuo/smartbugs-curated/full/arithmetic.integer_overflow_mapping_sym_1_sol_IntegerOverflowMappingSym1.hex,arithmetic.integer_overflow_mapping_sym_1_sol_IntegerOverflowMappingSym1.hex,teether,runtime,2/27/2023,20241115_0144,1731606256,0.4372684955596924,0,ALL,,{},{}
/home/shuo/smartbugs-curated/full/arithmetic.BECToken_sol_PausableToken.hex,arithmetic.BECToken_sol_PausableToken.hex,teether,runtime,2/27/2023,20241115_0144,1731606255,1.4694709777832031,0,ALL,,{},{}
/home/shuo/smartbugs-curated/full/reentrancy.0xaae1f51cf3339f18b6d3f3bdc75a5facd744b0b8_sol_LogFile.hex,reentrancy.0xaae1f51cf3339f18b6d3f3bdc75a5facd744b0b8_sol_LogFile.hex,teether,runtime,2/27/2023,20241115_0144,1731606256,0.5783326625823975,0,ALL,,{},{}
/home/shuo/smartbugs-curated/full/bad_randomness.old_blockhash_sol_PredictTheBlockHashChallenge.hex,bad_randomness.old_blockhash_sol_PredictTheBlockHashChallenge.hex,teether,runtime,2/27/2023,20241115_0144,1731606256,0.6673719882965088,0,ALL,,{},{}
/home/shuo/smartbugs-curated/full/reentrancy.modifier_reentrancy_sol_Bank.hex,reentrancy.modifier_reentrancy_sol_Bank.hex,teether,runtime,2/27/2023,20241115_0144,1731606256,0.8954741954803467,0,ALL,,{},{}
/home/shuo/smartbugs-curated/full/unchecked_low_level_calls.0x524960d55174d912768678d8c606b4d50b79d7b1_sol_Centra4.hex,unchecked_low_level_calls.0x524960d55174d912768678d8c606b4d50b79d7b1_sol_Centra4.hex,teether,runtime,2/27/2023,20241115_0144,1731606256,0.9504847526550293,0,ALL,,{},{}
/home/shuo/smartbugs-curated/full/unchecked_low_level_calls.0x3a0e9acd953ffc0dd18d63603488846a6b8b2b01_sol_Ownable.hex,unchecked_low_level_calls.0x3a0e9acd953ffc0dd18d63603488846a6b8b2b01_sol_Ownable.hex,teether,runtime,2/27/2023,20241115_0144,1731606257,0.05343484878540039,0,ALL,,{},{}
/home/shuo/smartbugs-curated/full/reentrancy.etherstore_sol_EtherStore.hex,reentrancy.etherstore_sol_EtherStore.hex,teether,runtime,2/27/2023,20241115_0144,1731606254,3.127457618713379,0,ALL,,{},{}
/home/shuo/smartbugs-curated/full/reentrancy.0xbe4041d55db380c5ae9d4a9b9703f1ed4e7e3888_sol_Log.hex,reentrancy.0xbe4041d55db380c5ae9d4a9b9703f1ed4e7e3888_sol_Log.hex,teether,runtime,2/27/2023,20241115_0144,1731606257,0.3109130859375,0,ALL,,{},{}
/home/shuo/smartbugs-curated/full/reentrancy.0x4e73b32ed6c35f570686b89848e5f39f20ecc106_sol_PRIVATE_ETH_CELL.hex,reentrancy.0x4e73b32ed6c35f570686b89848e5f39f20ecc106_sol_PRIVATE_ETH_CELL.hex,teether,runtime,2/27/2023,20241115_0144,1731606254,3.539548397064209,0,ALL,,{},{}
/home/shuo/smartbugs-curated/full/access_control.unprotected0_sol_Unprotected.hex,access_control.unprotected0_sol_Unprotected.hex,teether,runtime,2/27/2023,20241115_0144,1731606257,0.5407345294952393,0,ALL,,{},{}
/home/shuo/smartbugs-curated/full/time_manipulation.lottopollo_sol_lottopollo.hex,time_manipulation.lottopollo_sol_lottopollo.hex,teether,runtime,2/27/2023,20241115_0144,1731606254,3.6420645713806152,0,ALL,,{},{}
/home/shuo/smartbugs-curated/full/other.crypto_roulette_sol_CryptoRoulette.hex,other.crypto_roulette_sol_CryptoRoulette.hex,teether,runtime,2/27/2023,20241115_0144,1731606256,1.6766119003295898,0,ALL,,{},{}
/home/shuo/smartbugs-curated/full/reentrancy.0x561eac93c92360949ab1f1403323e6db345cbf31_sol_BANK_SAFE.hex,reentrancy.0x561eac93c92360949ab1f1403323e6db345cbf31_sol_BANK_SAFE.hex,teether,runtime,2/27/2023,20241115_0144,1731606254,3.9021718502044678,0,ALL,,{},{}
/home/shuo/smartbugs-curated/full/unchecked_low_level_calls.0x7d09edb07d23acb532a82be3da5c17d9d85806b4_sol_PoCGame.hex,unchecked_low_level_calls.0x7d09edb07d23acb532a82be3da5c17d9d85806b4_sol_PoCGame.hex,teether,runtime,2/27/2023,20241115_0144,1731606254,4.041545629501343,0,ALL,,{},{}
/home/shuo/smartbugs-curated/full/unchecked_low_level_calls.0x07f7ecb66d788ab01dc93b9b71a88401de7d0f2e_sol_PoCGame.hex,unchecked_low_level_calls.0x07f7ecb66d788ab01dc93b9b71a88401de7d0f2e_sol_PoCGame.hex,teether,runtime,2/27/2023,20241115_0144,1731606254,4.359593391418457,0,ALL,,{},{}
/home/shuo/smartbugs-curated/full/arithmetic.integer_overflow_multitx_onefunc_feasible_sol_IntegerOverflowMultiTxOneFuncFeasible.hex,arithmetic.integer_overflow_multitx_onefunc_feasible_sol_IntegerOverflowMultiTxOneFuncFeasible.hex,teether,runtime,2/27/2023,20241115_0144,1731606258,0.39058709144592285,0,ALL,,{},{}
/home/shuo/smartbugs-curated/full/reentrancy.0x4e73b32ed6c35f570686b89848e5f39f20ecc106_sol_LogFile.hex,reentrancy.0x4e73b32ed6c35f570686b89848e5f39f20ecc106_sol_LogFile.hex,teether,runtime,2/27/2023,20241115_0144,1731606258,0.4437119960784912,0,ALL,,{},{}
/home/shuo/smartbugs-curated/full/reentrancy.0xcead721ef5b11f1a7b530171aab69b16c5e66b6e_sol_WALLET.hex,reentrancy.0xcead721ef5b11f1a7b530171aab69b16c5e66b6e_sol_WALLET.hex,teether,runtime,2/27/2023,20241115_0144,1731606258,0.7909650802612305,0,ALL,,{},{}
/home/shuo/smartbugs-curated/full/front_running.ERC20_sol_ERC20.hex,front_running.ERC20_sol_ERC20.hex,teether,runtime,2/27/2023,20241115_0144,1731606258,0.9814858436584473,0,ALL,,{},{}
/home/shuo/smartbugs-curated/full/access_control.parity_wallet_bug_1_sol_Wallet.hex,access_control.parity_wallet_bug_1_sol_Wallet.hex,teether,runtime,2/27/2023,20241115_0144,1731606259,0.04898834228515625,0,ALL,,{},{}
/home/shuo/smartbugs-curated/full/reentrancy.0x93c32845fae42c83a70e5f06214c8433665c2ab5_sol_X_WALLET.hex,reentrancy.0x93c32845fae42c83a70e5f06214c8433665c2ab5_sol_X_WALLET.hex,teether,runtime,2/27/2023,20241115_0144,1731606258,1.2019758224487305,0,ALL,,{},{}
/home/shuo/smartbugs-curated/full/denial_of_service.auction_sol_DosAuction.hex,denial_of_service.auction_sol_DosAuction.hex,teether,runtime,2/27/2023,20241115_0144,1731606256,3.2828621864318848,0,ALL,,{},{}
/home/shuo/smartbugs-curated/full/unchecked_low_level_calls.0xb0510d68f210b7db66e8c7c814f22680f2b8d1d6_sol_Splitter.hex,unchecked_low_level_calls.0xb0510d68f210b7db66e8c7c814f22680f2b8d1d6_sol_Splitter.hex,teether,runtime,2/27/2023,20241115_0144,1731606254,5.342938184738159,0,ALL,,{},{}
/home/shuo/smartbugs-curated/full/reentrancy.0x7541b76cb60f4c60af330c208b0623b7f54bf615_sol_U_BANK.hex,reentrancy.0x7541b76cb60f4c60af330c208b0623b7f54bf615_sol_U_BANK.hex,teether,runtime,2/27/2023,20241115_0144,1731606258,1.457366704940796,0,ALL,,{},{}
/home/shuo/smartbugs-curated/full/reentrancy.0xb93430ce38ac4a6bb47fb1fc085ea669353fd89e_sol_PrivateBank.hex,reentrancy.0xb93430ce38ac4a6bb47fb1fc085ea669353fd89e_sol_PrivateBank.hex,teether,runtime,2/27/2023,20241115_0144,1731606259,0.6679444313049316,0,ALL,,{},{}
/home/shuo/smartbugs-curated/full/denial_of_service.send_loop_sol_Refunder.hex,denial_of_service.send_loop_sol_Refunder.hex,teether,runtime,2/27/2023,20241115_0144,1731606257,2.715078115463257,0,ALL,,{},{}
/home/shuo/smartbugs-curated/full/unchecked_low_level_calls.0x19cf8481ea15427a98ba3cdd6d9e14690011ab10_sol_StandardToken.hex,unchecked_low_level_calls.0x19cf8481ea15427a98ba3cdd6d9e14690011ab10_sol_StandardToken.hex,teether,runtime,2/27/2023,20241115_0144,1731606259,0.9220936298370361,0,ALL,,{},{}
/home/shuo/smartbugs-curated/full/unchecked_low_level_calls.lotto_sol_Lotto.hex,unchecked_low_level_calls.lotto_sol_Lotto.hex,teether,runtime,2/27/2023,20241115_0144,1731606259,1.0957610607147217,0,ALL,"[{'index': 0, 'path': [0, 13, 65, 137, 149, 442, 469, 158, 159]}, {'index': 1, 'path': [0, 13, 114, 126, 337, 363, 434]}]",{},{}
/home/shuo/smartbugs-curated/full/unchecked_low_level_calls.0xb0510d68f210b7db66e8c7c814f22680f2b8d1d6_sol_Puppet.hex,unchecked_low_level_calls.0xb0510d68f210b7db66e8c7c814f22680f2b8d1d6_sol_Puppet.hex,teether,runtime,2/27/2023,20241115_0144,1731606259,1.4105396270751953,0,ALL,,{},{}
/home/shuo/smartbugs-curated/full/arithmetic.integer_overflow_multitx_multifunc_feasible_sol_IntegerOverflowMultiTxMultiFuncFeasible.hex,arithmetic.integer_overflow_multitx_multifunc_feasible_sol_IntegerOverflowMultiTxMultiFuncFeasible.hex,teether,runtime,2/27/2023,20241115_0144,1731606260,0.48131275177001953,0,ALL,,{},{}
/home/shuo/smartbugs-curated/full/arithmetic.BECToken_sol_Ownable.hex,arithmetic.BECToken_sol_Ownable.hex,teether,runtime,2/27/2023,20241115_0144,1731606260,0.7698798179626465,0,ALL,,{},{}
/home/shuo/smartbugs-curated/full/unchecked_low_level_calls.0x663e4229142a27f00bafb5d087e1e730648314c3_sol_ClockAuctionBase.hex,unchecked_low_level_calls.0x663e4229142a27f00bafb5d087e1e730648314c3_sol_ClockAuctionBase.hex,teether,runtime,2/27/2023,20241115_0144,1731606261,0.20107316970825195,0,ALL,,{},{}
/home/shuo/smartbugs-curated/full/arithmetic.BECToken_sol_SafeMath.hex,arithmetic.BECToken_sol_SafeMath.hex,teether,runtime,2/27/2023,20241115_0144,1731606261,0.20938563346862793,0,ALL,,{},{}
/home/shuo/smartbugs-curated/full/front_running.odds_and_evens_sol_OddsAndEvens.hex,front_running.odds_and_evens_sol_OddsAndEvens.hex,teether,runtime,2/27/2023,20241115_0144,1731606255,6.24920392036438,0,ALL,,{},{}
/home/shuo/smartbugs-curated/full/access_control.wallet_03_wrong_constructor_sol_Wallet.hex,access_control.wallet_03_wrong_constructor_sol_Wallet.hex,teether,runtime,2/27/2023,20241115_0144,1731606260,1.3916962146759033,0,ALL,"[{'index': 0, 'path': [0, 13, 65, 148, 160, 477, 169, 170]}, {'index': 1, 'path': [0, 13, 65, 76, 171, 183, 543, 634, 705]}]",{},{}
/home/shuo/smartbugs-curated/full/reentrancy.reentrancy_dao_sol_ReentrancyDAO.hex,reentrancy.reentrancy_dao_sol_ReentrancyDAO.hex,teether,runtime,2/27/2023,20241115_0144,1731606254,7.876192808151245,0,ALL,,{},{}
/home/shuo/smartbugs-curated/full/reentrancy.0x23a91059fdc9579a9fbd0edc5f2ea0bfdb70deb4_sol_Log.hex,reentrancy.0x23a91059fdc9579a9fbd0edc5f2ea0bfdb70deb4_sol_Log.hex,teether,runtime,2/27/2023,20241115_0144,1731606261,1.1104106903076172,0,ALL,,{},{}
/home/shuo/smartbugs-curated/full/unchecked_low_level_calls.0x52d2e0f9b01101a59b38a3d05c80b7618aeed984_sol_EtherGet.hex,unchecked_low_level_calls.0x52d2e0f9b01101a59b38a3d05c80b7618aeed984_sol_EtherGet.hex,teether,runtime,2/27/2023,20241115_0144,1731606261,1.2890775203704834,0,ALL,,{},{}
/home/shuo/smartbugs-curated/full/unchecked_low_level_calls.0x663e4229142a27f00bafb5d087e1e730648314c3_sol_Ownable.hex,unchecked_low_level_calls.0x663e4229142a27f00bafb5d087e1e730648314c3_sol_Ownable.hex,teether,runtime,2/27/2023,20241115_0144,1731606262,0.5228080749511719,0,ALL,,{},{}
/home/shuo/smartbugs-curated/full/reentrancy.0x7541b76cb60f4c60af330c208b0623b7f54bf615_sol_Log.hex,reentrancy.0x7541b76cb60f4c60af330c208b0623b7f54bf615_sol_Log.hex,teether,runtime,2/27/2023,20241115_0144,1731606262,0.8117361068725586,0,ALL,,{},{}
/home/shuo/smartbugs-curated/full/reentrancy.0x941d225236464a25eb18076df7da6a91d0f95e9e_sol_Log.hex,reentrancy.0x941d225236464a25eb18076df7da6a91d0f95e9e_sol_Log.hex,teether,runtime,2/27/2023,20241115_0144,1731606263,0.5516457557678223,0,ALL,,{},{}
/home/shuo/smartbugs-curated/full/unchecked_low_level_calls.0xb620cee6b52f96f3c6b253e6eea556aa2d214a99_sol_DrainMe.hex,unchecked_low_level_calls.0xb620cee6b52f96f3c6b253e6eea556aa2d214a99_sol_DrainMe.hex,teether,runtime,2/27/2023,20241115_0144,1731606262,1.7689075469970703,0,ALL,"[{'index': 0, 'path': [0, 13, 65, 76, 87, 371, 1834, 379, 380]}, {'index': 1, 'path': [0, 13, 65, 76, 87, 98, 109, 120, 131, 142, 153, 164, 175, 186, 197, 781, 3011, 3103, 3178]}]",{},{}
/home/shuo/smartbugs-curated/full/reentrancy.0xaae1f51cf3339f18b6d3f3bdc75a5facd744b0b8_sol_DEP_BANK.hex,reentrancy.0xaae1f51cf3339f18b6d3f3bdc75a5facd744b0b8_sol_DEP_BANK.hex,teether,runtime,2/27/2023,20241115_0144,1731606261,3.580442428588867,0,ALL,,{},{}
/home/shuo/smartbugs-curated/full/time_manipulation.governmental_survey_sol_Governmental.hex,time_manipulation.governmental_survey_sol_Governmental.hex,teether,runtime,2/27/2023,20241115_0144,1731606263,1.6286938190460205,0,ALL,,{},{}
/home/shuo/smartbugs-curated/full/reentrancy.0x23a91059fdc9579a9fbd0edc5f2ea0bfdb70deb4_sol_PrivateBank.hex,reentrancy.0x23a91059fdc9579a9fbd0edc5f2ea0bfdb70deb4_sol_PrivateBank.hex,teether,runtime,2/27/2023,20241115_0144,1731606264,0.7435886859893799,0,ALL,,{},{}
/home/shuo/smartbugs-curated/full/access_control.proxy_sol_Proxy.hex,access_control.proxy_sol_Proxy.hex,teether,runtime,2/27/2023,20241115_0144,1731606255,10.04082727432251,0,ALL,"[{'index': 0, 'path': [0, 13, 70, 82, 207, 249, 276, 321, 337]}]",{},{}
/home/shuo/smartbugs-curated/full/reentrancy.0x7a8721a9d64c74da899424c1b52acbf58ddc9782_sol_Log.hex,reentrancy.0x7a8721a9d64c74da899424c1b52acbf58ddc9782_sol_Log.hex,teether,runtime,2/27/2023,20241115_0144,1731606265,0.3344554901123047,0,ALL,,{},{}
/home/shuo/smartbugs-curated/full/reentrancy.reentrancy_insecure_sol_Reentrancy_insecure.hex,reentrancy.reentrancy_insecure_sol_Reentrancy_insecure.hex,teether,runtime,2/27/2023,20241115_0144,1731606265,0.714148759841919,0,ALL,,{},{}
/home/shuo/smartbugs-curated/full/other.open_address_lottery_sol_OpenAddressLottery.hex,other.open_address_lottery_sol_OpenAddressLottery.hex,teether,runtime,2/27/2023,20241115_0144,1731606259,6.808544397354126,0,ALL,,{},{}
/home/shuo/smartbugs-curated/full/time_manipulation.governmental_survey_sol_Attacker.hex,time_manipulation.governmental_survey_sol_Attacker.hex,teether,runtime,2/27/2023,20241115_0144,1731606266,0.047606706619262695,0,ALL,,{},{}
/home/shuo/smartbugs-curated/full/unchecked_low_level_calls.0x9d06cbafa865037a01d322d3f4222fa3e04e5488_sol_Delta.hex,unchecked_low_level_calls.0x9d06cbafa865037a01d322d3f4222fa3e04e5488_sol_Delta.hex,teether,runtime,2/27/2023,20241115_0144,1731606266,2.3490731716156006,0,ALL,,{},{}
/home/shuo/smartbugs-curated/full/unchecked_low_level_calls.0x663e4229142a27f00bafb5d087e1e730648314c3_sol_SaleClockAuctionERC20.hex,unchecked_low_level_calls.0x663e4229142a27f00bafb5d087e1e730648314c3_sol_SaleClockAuctionERC20.hex,teether,runtime,2/27/2023,20241115_0144,1731606260,8.861883401870728,0,ALL,,{},{}
/home/shuo/smartbugs-curated/full/reentrancy.reentrance_sol_Reentrance.hex,reentrancy.reentrance_sol_Reentrance.hex,teether,runtime,2/27/2023,20241115_0144,1731606265,4.594127178192139,0,ALL,,{},{}
/home/shuo/smartbugs-curated/full/unchecked_low_level_calls.0x663e4229142a27f00bafb5d087e1e730648314c3_sol_SiringClockAuction.hex,unchecked_low_level_calls.0x663e4229142a27f00bafb5d087e1e730648314c3_sol_SiringClockAuction.hex,teether,runtime,2/27/2023,20241115_0144,1731606257,15.202738523483276,0,ALL,,{},{}
/home/shuo/smartbugs-curated/full/arithmetic.insecure_transfer_sol_IntegerOverflowAdd.hex,arithmetic.insecure_transfer_sol_IntegerOverflowAdd.hex,teether,runtime,2/27/2023,20241115_0144,1731606272,0.93619704246521,0,ALL,,{},{}
/home/shuo/smartbugs-curated/full/unchecked_low_level_calls.0xbaa3de6504690efb064420d89e871c27065cdd52_sol_Proxy.hex,unchecked_low_level_calls.0xbaa3de6504690efb064420d89e871c27065cdd52_sol_Proxy.hex,teether,runtime,2/27/2023,20241115_0144,1731606255,19.22529411315918,0,ALL,,{},{}
/home/shuo/smartbugs-curated/full/unchecked_low_level_calls.0xd5967fed03e85d1cce44cab284695b41bc675b5c_sol_demo.hex,unchecked_low_level_calls.0xd5967fed03e85d1cce44cab284695b41bc675b5c_sol_demo.hex,teether,runtime,2/27/2023,20241115_0144,1731606264,10.590180158615112,0,ALL,,{},{}
/home/shuo/smartbugs-curated/full/unchecked_low_level_calls.0xb11b2fed6c9354f7aa2f658d3b4d7b31d8a13b77_sol_Proxy.hex,unchecked_low_level_calls.0xb11b2fed6c9354f7aa2f658d3b4d7b31d8a13b77_sol_Proxy.hex,teether,runtime,2/27/2023,20241115_0144,1731606256,19.113378763198853,0,ALL,,{},{}
/home/shuo/smartbugs-curated/full/reentrancy.0xbe4041d55db380c5ae9d4a9b9703f1ed4e7e3888_sol_MONEY_BOX.hex,reentrancy.0xbe4041d55db380c5ae9d4a9b9703f1ed4e7e3888_sol_MONEY_BOX.hex,teether,runtime,2/27/2023,20241115_0144,1731606273,2.3078525066375732,0,ALL,,{},{}
/home/shuo/smartbugs-curated/full/reentrancy.spank_chain_payment_sol_StandardToken.hex,reentrancy.spank_chain_payment_sol_StandardToken.hex,teether,runtime,2/27/2023,20241115_0144,1731606275,0.37936902046203613,0,ALL,,{},{}
/home/shuo/smartbugs-curated/full/unchecked_low_level_calls.0x627fa62ccbb1c1b04ffaecd72a53e37fc0e17839_sol_Ownable.hex,unchecked_low_level_calls.0x627fa62ccbb1c1b04ffaecd72a53e37fc0e17839_sol_Ownable.hex,teether,runtime,2/27/2023,20241115_0144,1731606275,0.9719743728637695,0,ALL,,{},{}
/home/shuo/smartbugs-curated/full/access_control.FibonacciBalance_sol_FibonacciLib.hex,access_control.FibonacciBalance_sol_FibonacciLib.hex,teether,runtime,2/27/2023,20241115_0144,1731606275,1.1421103477478027,0,ALL,,{},{}
/home/shuo/smartbugs-curated/full/reentrancy.0xb93430ce38ac4a6bb47fb1fc085ea669353fd89e_sol_Log.hex,reentrancy.0xb93430ce38ac4a6bb47fb1fc085ea669353fd89e_sol_Log.hex,teether,runtime,2/27/2023,20241115_0144,1731606276,0.6905937194824219,0,ALL,,{},{}
/home/shuo/smartbugs-curated/full/unchecked_low_level_calls.0xf70d589d76eebdd7c12cc5eec99f8f6fa4233b9e_sol_WhaleGiveaway2.hex,unchecked_low_level_calls.0xf70d589d76eebdd7c12cc5eec99f8f6fa4233b9e_sol_WhaleGiveaway2.hex,teether,runtime,2/27/2023,20241115_0144,1731606255,22.98796033859253,0,ALL,,{},{}
/home/shuo/smartbugs-curated/full/unchecked_low_level_calls.0x5aa88d2901c68fda244f1d0584400368d2c8e739_sol_MultiplicatorX3.hex,unchecked_low_level_calls.0x5aa88d2901c68fda244f1d0584400368d2c8e739_sol_MultiplicatorX3.hex,teether,runtime,2/27/2023,20241115_0144,1731606256,22.071714639663696,0,ALL,,{},{}
/home/shuo/smartbugs-curated/full/reentrancy.0x96edbe868531bd23a6c05e9d0c424ea64fb1b78b_sol_PENNY_BY_PENNY.hex,reentrancy.0x96edbe868531bd23a6c05e9d0c424ea64fb1b78b_sol_PENNY_BY_PENNY.hex,teether,runtime,2/27/2023,20241115_0144,1731606275,3.2578582763671875,0,ALL,,{},{}
/home/shuo/smartbugs-curated/full/arithmetic.BECToken_sol_Pausable.hex,arithmetic.BECToken_sol_Pausable.hex,teether,runtime,2/27/2023,20241115_0144,1731606278,0.6870784759521484,0,ALL,,{},{}
/home/shuo/smartbugs-curated/full/arithmetic.BECToken_sol_StandardToken.hex,arithmetic.BECToken_sol_StandardToken.hex,teether,runtime,2/27/2023,20241115_0144,1731606279,0.3375096321105957,0,ALL,,{},{}
/home/shuo/smartbugs-curated/full/bad_randomness.blackjack_sol_Deck.hex,bad_randomness.blackjack_sol_Deck.hex,teether,runtime,2/27/2023,20241115_0144,1731606279,1.0082159042358398,0,ALL,,{},{}
/home/shuo/smartbugs-curated/full/unchecked_low_level_calls.0xbebbfe5b549f5db6e6c78ca97cac19d1fb03082c_sol_VaultProxy.hex,unchecked_low_level_calls.0xbebbfe5b549f5db6e6c78ca97cac19d1fb03082c_sol_VaultProxy.hex,teether,runtime,2/27/2023,20241115_0144,1731606253,27.875908136367798,0,ALL,,{},{}
/home/shuo/smartbugs-curated/full/unchecked_low_level_calls.0xe894d54dca59cb53fe9cbc5155093605c7068220_sol_airDrop.hex,unchecked_low_level_calls.0xe894d54dca59cb53fe9cbc5155093605c7068220_sol_airDrop.hex,teether,runtime,2/27/2023,20241115_0144,1731606278,2.9265553951263428,0,ALL,,{},{}
/home/shuo/smartbugs-curated/full/unchecked_low_level_calls.0x84d9ec85c9c568eb332b7226a8f826d897e0a4a8_sol_Owned.hex,unchecked_low_level_calls.0x84d9ec85c9c568eb332b7226a8f826d897e0a4a8_sol_Owned.hex,teether,runtime,2/27/2023,20241115_0144,1731606258,23.02977681159973,0,ALL,,{},{}
/home/shuo/smartbugs-curated/full/unchecked_low_level_calls.0xe4eabdca81e31d9acbc4af76b30f532b6ed7f3bf_sol_Honey.hex,unchecked_low_level_calls.0xe4eabdca81e31d9acbc4af76b30f532b6ed7f3bf_sol_Honey.hex,teether,runtime,2/27/2023,20241115_0144,1731606254,27.188302993774414,0,ALL,,{},{}
/home/shuo/smartbugs-curated/full/denial_of_service.dos_address_sol_DosGas.hex,denial_of_service.dos_address_sol_DosGas.hex,teether,runtime,2/27/2023,20241115_0144,1731606281,0.6182231903076172,0,ALL,,{},{}
/home/shuo/smartbugs-curated/full/arithmetic.BECToken_sol_BasicToken.hex,arithmetic.BECToken_sol_BasicToken.hex,teether,runtime,2/27/2023,20241115_0144,1731606281,0.7657256126403809,0,ALL,,{},{}
/home/shuo/smartbugs-curated/full/unchecked_low_level_calls.0x7a4349a749e59a5736efb7826ee3496a2dfd5489_sol_WhaleGiveaway1.hex,unchecked_low_level_calls.0x7a4349a749e59a5736efb7826ee3496a2dfd5489_sol_WhaleGiveaway1.hex,teether,runtime,2/27/2023,20241115_0144,1731606254,27.930496215820312,0,ALL,,{},{}
/home/shuo/smartbugs-curated/full/access_control.wallet_02_refund_nosub_sol_Wallet.hex,access_control.wallet_02_refund_nosub_sol_Wallet.hex,teether,runtime,2/27/2023,20241115_0144,1731606274,8.197747230529785,0,ALL,,{},{}
/home/shuo/smartbugs-curated/full/unchecked_low_level_calls.0xec329ffc97d75fe03428ae155fc7793431487f63_sol_Owned.hex,unchecked_low_level_calls.0xec329ffc97d75fe03428ae155fc7793431487f63_sol_Owned.hex,teether,runtime,2/27/2023,20241115_0144,1731606256,26.443557262420654,0,ALL,,{},{}
/home/shuo/smartbugs-curated/full/unchecked_low_level_calls.0xf2570186500a46986f3139f65afedc2afe4f445d_sol_RealOldFuckMaker.hex,unchecked_low_level_calls.0xf2570186500a46986f3139f65afedc2afe4f445d_sol_RealOldFuckMaker.hex,teether,runtime,2/27/2023,20241115_0144,1731606282,0.5413286685943604,0,ALL,,{},{}
/home/shuo/smartbugs-curated/full/reentrancy.etherbank_sol_EtherBank.hex,reentrancy.etherbank_sol_EtherBank.hex,teether,runtime,2/27/2023,20241115_0144,1731606281,1.5671157836914062,0,ALL,,{},{}
/home/shuo/smartbugs-curated/full/unchecked_low_level_calls.0x4b71ad9c1a84b9b643aa54fdd66e2dec96e8b152_sol_airPort.hex,unchecked_low_level_calls.0x4b71ad9c1a84b9b643aa54fdd66e2dec96e8b152_sol_airPort.hex,teether,runtime,2/27/2023,20241115_0144,1731606269,13.675909996032715,0,ALL,,{},{}
/home/shuo/smartbugs-curated/full/unchecked_low_level_calls.0x78c2a1e91b52bca4130b6ed9edd9fbcfd4671c37_sol_WhaleGiveaway1.hex,unchecked_low_level_calls.0x78c2a1e91b52bca4130b6ed9edd9fbcfd4671c37_sol_WhaleGiveaway1.hex,teether,runtime,2/27/2023,20241115_0144,1731606256,26.760586977005005,0,ALL,,{},{}
/home/shuo/smartbugs-curated/full/unchecked_low_level_calls.0x663e4229142a27f00bafb5d087e1e730648314c3_sol_Pausable.hex,unchecked_low_level_calls.0x663e4229142a27f00bafb5d087e1e730648314c3_sol_Pausable.hex,teether,runtime,2/27/2023,20241115_0144,1731606282,0.8503365516662598,0,ALL,,{},{}
/home/shuo/smartbugs-curated/full/bad_randomness.guess_the_random_number_sol_GuessTheRandomNumberChallenge.hex,bad_randomness.guess_the_random_number_sol_GuessTheRandomNumberChallenge.hex,teether,runtime,2/27/2023,20241115_0144,1731606283,0.2338407039642334,0,ALL,"[{'index': 0, 'path': [0, 13, 81, 163, 185, 214, 269]}]",{},{}
/home/shuo/smartbugs-curated/full/arithmetic.integer_overflow_benign_1_sol_IntegerOverflowBenign1.hex,arithmetic.integer_overflow_benign_1_sol_IntegerOverflowBenign1.hex,teether,runtime,2/27/2023,20241115_0144,1731606283,0.27338409423828125,0,ALL,,{},{}
/home/shuo/smartbugs-curated/full/arithmetic.integer_overflow_1_sol_Overflow.hex,arithmetic.integer_overflow_1_sol_Overflow.hex,teether,runtime,2/27/2023,20241115_0144,1731606283,0.36905741691589355,0,ALL,,{},{}
/home/shuo/smartbugs-curated/full/arithmetic.BECToken_sol_BecToken.hex,arithmetic.BECToken_sol_BecToken.hex,teether,runtime,2/27/2023,20241115_0144,1731606282,1.4858992099761963,0,ALL,,{},{}
/home/shuo/smartbugs-curated/full/access_control.incorrect_constructor_name2_sol_Missing.hex,access_control.incorrect_constructor_name2_sol_Missing.hex,teether,runtime,2/27/2023,20241115_0144,1731606283,0.5146043300628662,0,ALL,"[{'index': 0, 'path': [0, 13, 65, 101, 113, 344, 122, 123]}, {'index': 1, 'path': [0, 13, 78, 90, 124, 215, 319]}]",{},{}
/home/shuo/smartbugs-curated/full/unchecked_low_level_calls.0x958a8f594101d2c0485a52319f29b2647f2ebc06_sol_Owned.hex,unchecked_low_level_calls.0x958a8f594101d2c0485a52319f29b2647f2ebc06_sol_Owned.hex,teether,runtime,2/27/2023,20241115_0144,1731606253,30.799612045288086,0,ALL,,{},{}
/home/shuo/smartbugs-curated/full/denial_of_service.dos_number_sol_DosNumber.hex,denial_of_service.dos_number_sol_DosNumber.hex,teether,runtime,2/27/2023,20241115_0144,1731606284,0.11692380905151367,0,ALL,,{},{}
/home/shuo/smartbugs-curated/full/reentrancy.modifier_reentrancy_sol_ModifierEntrancy.hex,reentrancy.modifier_reentrancy_sol_ModifierEntrancy.hex,teether,runtime,2/27/2023,20241115_0144,1731606284,0.13682031631469727,0,ALL,,{},{}
/home/shuo/smartbugs-curated/full/unchecked_low_level_calls.0x8fd1e427396ddb511533cf9abdbebd0a7e08da35_sol_Token.hex,unchecked_low_level_calls.0x8fd1e427396ddb511533cf9abdbebd0a7e08da35_sol_Token.hex,teether,runtime,2/27/2023,20241115_0144,1731606284,0.6686966419219971,0,ALL,,{},{}
/home/shuo/smartbugs-curated/full/reentrancy.0xbaf51e761510c1a11bf48dd87c0307ac8a8c8a4f_sol_ETH_VAULT.hex,reentrancy.0xbaf51e761510c1a11bf48dd87c0307ac8a8c8a4f_sol_ETH_VAULT.hex,teether,runtime,2/27/2023,20241115_0144,1731606284,0.95353102684021,0,ALL,,{},{}
/home/shuo/smartbugs-curated/full/unchecked_low_level_calls.0x806a6bd219f162442d992bdc4ee6eba1f2c5a707_sol_Pie.hex,unchecked_low_level_calls.0x806a6bd219f162442d992bdc4ee6eba1f2c5a707_sol_Pie.hex,teether,runtime,2/27/2023,20241115_0144,1731606256,29.113845825195312,0,ALL,,{},{}
/home/shuo/smartbugs-curated/full/reentrancy.0xbaf51e761510c1a11bf48dd87c0307ac8a8c8a4f_sol_Log.hex,reentrancy.0xbaf51e761510c1a11bf48dd87c0307ac8a8c8a4f_sol_Log.hex,teether,runtime,2/27/2023,20241115_0144,1731606285,0.42798352241516113,0,ALL,,{},{}
/home/shuo/smartbugs-curated/full/reentrancy.0x96edbe868531bd23a6c05e9d0c424ea64fb1b78b_sol_LogFile.hex,reentrancy.0x96edbe868531bd23a6c05e9d0c424ea64fb1b78b_sol_LogFile.hex,teether,runtime,2/27/2023,20241115_0144,1731606286,0.19419336318969727,0,ALL,,{},{}
/home/shuo/smartbugs-curated/full/access_control.mapping_write_sol_Map.hex,access_control.mapping_write_sol_Map.hex,teether,runtime,2/27/2023,20241115_0144,1731606285,1.2979764938354492,0,ALL,"[{'index': 0, 'path': [0, 13, 103, 115, 333, 348, 659, 698, 364, 366, 382, 156, 157]}, {'index': 1, 'path': [0, 13, 65, 158, 170, 400, 491, 562]}]",{},{}
/home/shuo/smartbugs-curated/full/unchecked_low_level_calls.0xb11b2fed6c9354f7aa2f658d3b4d7b31d8a13b77_sol_DepositProxy.hex,unchecked_low_level_calls.0xb11b2fed6c9354f7aa2f658d3b4d7b31d8a13b77_sol_DepositProxy.hex,teether,runtime,2/27/2023,20241115_0144,1731606259,27.538353204727173,0,ALL,,{},{}
/home/shuo/smartbugs-curated/full/reentrancy.reentrancy_simple_sol_Reentrance.hex,reentrancy.reentrancy_simple_sol_Reentrance.hex,teether,runtime,2/27/2023,20241115_0144,1731606284,2.54819655418396,0,ALL,,{},{}
/home/shuo/smartbugs-curated/full/reentrancy.reentrancy_bonus_sol_Reentrancy_bonus.hex,reentrancy.reentrancy_bonus_sol_Reentrancy_bonus.hex,teether,runtime,2/27/2023,20241115_0144,1731606283,3.7725958824157715,0,ALL,,{},{}
/home/shuo/smartbugs-curated/full/unchecked_low_level_calls.0x663e4229142a27f00bafb5d087e1e730648314c3_sol_ERC721Metadata.hex,unchecked_low_level_calls.0x663e4229142a27f00bafb5d087e1e730648314c3_sol_ERC721Metadata.hex,teether,runtime,2/27/2023,20241115_0144,1731606286,0.9011693000793457,0,ALL,,{},{}
/home/shuo/smartbugs-curated/full/reentrancy.0x01f8c4e3fa3edeb29e514cba738d87ce8c091d3f_sol_LogFile.hex,reentrancy.0x01f8c4e3fa3edeb29e514cba738d87ce8c091d3f_sol_LogFile.hex,teether,runtime,2/27/2023,20241115_0144,1731606287,0.3487865924835205,0,ALL,,{},{}
/home/shuo/smartbugs-curated/full/unchecked_low_level_calls.0xf29ebe930a539a60279ace72c707cba851a57707_sol_B.hex,unchecked_low_level_calls.0xf29ebe930a539a60279ace72c707cba851a57707_sol_B.hex,teether,runtime,2/27/2023,20241115_0144,1731606287,0.7011628150939941,0,ALL,,{},{}
/home/shuo/smartbugs-curated/full/reentrancy.simple_dao_sol_SimpleDAO.hex,reentrancy.simple_dao_sol_SimpleDAO.hex,teether,runtime,2/27/2023,20241115_0144,1731606282,5.8862221240997314,0,ALL,,{},{}
/home/shuo/smartbugs-curated/full/reentrancy.0x01f8c4e3fa3edeb29e514cba738d87ce8c091d3f_sol_PERSONAL_BANK.hex,reentrancy.0x01f8c4e3fa3edeb29e514cba738d87ce8c091d3f_sol_PERSONAL_BANK.hex,teether,runtime,2/27/2023,20241115_0144,1731606284,3.945791006088257,0,ALL,,{},{}
/home/shuo/smartbugs-curated/full/unchecked_low_level_calls.0x3a0e9acd953ffc0dd18d63603488846a6b8b2b01_sol_TokenBank.hex,unchecked_low_level_calls.0x3a0e9acd953ffc0dd18d63603488846a6b8b2b01_sol_TokenBank.hex,teether,runtime,2/27/2023,20241115_0144,1731606287,1.1424753665924072,0,ALL,,{},{}
/home/shuo/smartbugs-curated/full/unchecked_low_level_calls.0x8fd1e427396ddb511533cf9abdbebd0a7e08da35_sol_Ownable.hex,unchecked_low_level_calls.0x8fd1e427396ddb511533cf9abdbebd0a7e08da35_sol_Ownable.hex,teether,runtime,2/27/2023,20241115_0144,1731606288,0.5814826488494873,0,ALL,,{},{}
/home/shuo/smartbugs-curated/full/unchecked_low_level_calls.0x627fa62ccbb1c1b04ffaecd72a53e37fc0e17839_sol_Token.hex,unchecked_low_level_calls.0x627fa62ccbb1c1b04ffaecd72a53e37fc0e17839_sol_Token.hex,teether,runtime,2/27/2023,20241115_0144,1731606288,0.6407103538513184,0,ALL,,{},{}
/home/shuo/smartbugs-curated/full/reentrancy.0xf015c35649c82f5467c9c74b7f28ee67665aad68_sol_MY_BANK.hex,reentrancy.0xf015c35649c82f5467c9c74b7f28ee67665aad68_sol_MY_BANK.hex,teether,runtime,2/27/2023,20241115_0144,1731606287,1.835555076599121,0,ALL,,{},{}
/home/shuo/smartbugs-curated/full/arithmetic.integer_overflow_mul_sol_IntegerOverflowMul.hex,arithmetic.integer_overflow_mul_sol_IntegerOverflowMul.hex,teether,runtime,2/27/2023,20241115_0144,1731606289,0.3105483055114746,0,ALL,,{},{}
/home/shuo/smartbugs-curated/full/access_control.incorrect_constructor_name1_sol_Missing.hex,access_control.incorrect_constructor_name1_sol_Missing.hex,teether,runtime,2/27/2023,20241115_0144,1731606289,0.5091996192932129,0,ALL,"[{'index': 0, 'path': [0, 13, 78, 90, 124, 99, 100]}, {'index': 1, 'path': [0, 13, 65, 101, 113, 190, 281, 385]}]",{},{}
/home/shuo/smartbugs-curated/full/unchecked_low_level_calls.0xe82f0742a71a02b9e9ffc142fdcb6eb1ed06fb87_sol_Freebie.hex,unchecked_low_level_calls.0xe82f0742a71a02b9e9ffc142fdcb6eb1ed06fb87_sol_Freebie.hex,teether,runtime,2/27/2023,20241115_0144,1731606261,28.62656545639038,0,ALL,,{},{}
/home/shuo/smartbugs-curated/full/access_control.simple_suicide_sol_SimpleSuicide.hex,access_control.simple_suicide_sol_SimpleSuicide.hex,teether,runtime,2/27/2023,20241115_0144,1731606289,0.6585915088653564,0,ALL,"[{'index': 0, 'path': [0, 12, 68, 79, 88, 112]}]",{},{}
/home/shuo/smartbugs-curated/full/unchecked_low_level_calls.0xd2018bfaa266a9ec0a1a84b061640faa009def76_sol_Pie.hex,unchecked_low_level_calls.0xd2018bfaa266a9ec0a1a84b061640faa009def76_sol_Pie.hex,teether,runtime,2/27/2023,20241115_0144,1731606266,23.802427291870117,0,ALL,,{},{}
/home/shuo/smartbugs-curated/full/unchecked_low_level_calls.0xdb1c55f6926e7d847ddf8678905ad871a68199d2_sol_FreeEth.hex,unchecked_low_level_calls.0xdb1c55f6926e7d847ddf8678905ad871a68199d2_sol_FreeEth.hex,teether,runtime,2/27/2023,20241115_0144,1731606263,27.609091758728027,0,ALL,,{},{}
/home/shuo/smartbugs-curated/full/access_control.arbitrary_location_write_simple_sol_Wallet.hex,access_control.arbitrary_location_write_simple_sol_Wallet.hex,teether,runtime,2/27/2023,20241115_0144,1731606288,2.926168203353882,0,ALL,,{},{}
/home/shuo/smartbugs-curated/full/arithmetic.timelock_sol_TimeLock.hex,arithmetic.timelock_sol_TimeLock.hex,teether,runtime,2/27/2023,20241115_0144,1731606287,4.112558603286743,0,ALL,,{},{}
/home/shuo/smartbugs-curated/full/arithmetic.tokensalechallenge_sol_TokenSaleChallenge.hex,arithmetic.tokensalechallenge_sol_TokenSaleChallenge.hex,teether,runtime,2/27/2023,20241115_0144,1731606255,40.2799015045166,0,ALL,"[{'index': 0, 'path': [0, 13, 65, 76, 237, 379, 403, 267, 268]}, {'index': 1, 'path': [0, 13, 65, 76, 87, 269, 281, 482, 559, 693]}]",{},{}
/home/shuo/smartbugs-curated/full/unchecked_low_level_calls.0x70f9eddb3931491aab1aeafbc1e7f1ca2a012db4_sol_HomeyJar.hex,unchecked_low_level_calls.0x70f9eddb3931491aab1aeafbc1e7f1ca2a012db4_sol_HomeyJar.hex,teether,runtime,2/27/2023,20241115_0144,1731606269,26.898573637008667,0,ALL,,{},{}
/home/shuo/smartbugs-curated/full/unchecked_low_level_calls.0x84d9ec85c9c568eb332b7226a8f826d897e0a4a8_sol_WedIndex.hex,unchecked_low_level_calls.0x84d9ec85c9c568eb332b7226a8f826d897e0a4a8_sol_WedIndex.hex,teether,runtime,2/27/2023,20241115_0144,1731606257,39.133193492889404,0,ALL,,{},{}
/home/shuo/smartbugs-curated/full/unchecked_low_level_calls.0xbebbfe5b549f5db6e6c78ca97cac19d1fb03082c_sol_Proxy.hex,unchecked_low_level_calls.0xbebbfe5b549f5db6e6c78ca97cac19d1fb03082c_sol_Proxy.hex,teether,runtime,2/27/2023,20241115_0144,1731606280,17.026824951171875,0,ALL,,{},{}
/home/shuo/smartbugs-curated/full/unchecked_low_level_calls.etherpot_lotto_sol_Lotto.hex,unchecked_low_level_calls.etherpot_lotto_sol_Lotto.hex,teether,runtime,2/27/2023,20241115_0144,1731606257,41.4509961605072,0,ALL,,{},{}
/home/shuo/smartbugs-curated/full/unchecked_low_level_calls.0x610495793564aed0f9c7fc48dc4c7c9151d34fd6_sol_SimpleWallet.hex,unchecked_low_level_calls.0x610495793564aed0f9c7fc48dc4c7c9151d34fd6_sol_SimpleWallet.hex,teether,runtime,2/27/2023,20241115_0145,1731606283,19.030441999435425,0,ALL,,{},{}
/home/shuo/smartbugs-curated/full/unchecked_low_level_calls.0x4051334adc52057aca763453820cb0e045076ef3_sol_airdrop.hex,unchecked_low_level_calls.0x4051334adc52057aca763453820cb0e045076ef3_sol_airdrop.hex,teether,runtime,2/27/2023,20241115_0145,1731606288,14.03426480293274,0,ALL,,{},{}
/home/shuo/smartbugs-curated/full/unchecked_low_level_calls.0x3f2ef511aa6e75231e4deafc7a3d2ecab3741de2_sol_WhaleGiveaway2.hex,unchecked_low_level_calls.0x3f2ef511aa6e75231e4deafc7a3d2ecab3741de2_sol_WhaleGiveaway2.hex,teether,runtime,2/27/2023,20241115_0145,1731606276,27.059628009796143,0,ALL,,{},{}
/home/shuo/smartbugs-curated/full/unchecked_low_level_calls.0x3e013fc32a54c4c5b6991ba539dcd0ec4355c859_sol_MultiplicatorX4.hex,unchecked_low_level_calls.0x3e013fc32a54c4c5b6991ba539dcd0ec4355c859_sol_MultiplicatorX4.hex,teether,runtime,2/27/2023,20241115_0145,1731606286,18.492480278015137,0,ALL,,{},{}
/home/shuo/smartbugs-curated/full/unchecked_low_level_calls.0xa46edd6a9a93feec36576ee5048146870ea2c3ae_sol_EBU.hex,unchecked_low_level_calls.0xa46edd6a9a93feec36576ee5048146870ea2c3ae_sol_EBU.hex,teether,runtime,2/27/2023,20241115_0145,1731606254,50.63027095794678,0,ALL,,{},{}
/home/shuo/smartbugs-curated/full/unchecked_low_level_calls.0xbaa3de6504690efb064420d89e871c27065cdd52_sol_VaultProxy.hex,unchecked_low_level_calls.0xbaa3de6504690efb064420d89e871c27065cdd52_sol_VaultProxy.hex,teether,runtime,2/27/2023,20241115_0145,1731606281,23.852047204971313,0,ALL,,{},{}
/home/shuo/smartbugs-curated/full/reentrancy.0x627fa62ccbb1c1b04ffaecd72a53e37fc0e17839_sol_TokenBank.hex,reentrancy.0x627fa62ccbb1c1b04ffaecd72a53e37fc0e17839_sol_TokenBank.hex,teether,runtime,2/27/2023,20241115_0145,1731606254,54.187660217285156,0,ALL,,{},{}
/home/shuo/smartbugs-curated/full/time_manipulation.roulette_sol_Roulette.hex,time_manipulation.roulette_sol_Roulette.hex,teether,runtime,2/27/2023,20241115_0145,1731606257,60.50714111328125,0,ALL,,{},{}
/home/shuo/smartbugs-curated/full/unchecked_low_level_calls.0x2972d548497286d18e92b5fa1f8f9139e5653fd2_sol_demo.hex,unchecked_low_level_calls.0x2972d548497286d18e92b5fa1f8f9139e5653fd2_sol_demo.hex,teether,runtime,2/27/2023,20241115_0145,1731606255,64.19531750679016,0,ALL,,{},{}
/home/shuo/smartbugs-curated/full/unchecked_low_level_calls.0x627fa62ccbb1c1b04ffaecd72a53e37fc0e17839_sol_TokenBank.hex,unchecked_low_level_calls.0x627fa62ccbb1c1b04ffaecd72a53e37fc0e17839_sol_TokenBank.hex,teether,runtime,2/27/2023,20241115_0145,1731606253,67.87182259559631,0,ALL,,{},{}
/home/shuo/smartbugs-curated/full/unchecked_low_level_calls.0x4a66ad0bca2d700f11e1f2fc2c106f7d3264504c_sol_EBU.hex,unchecked_low_level_calls.0x4a66ad0bca2d700f11e1f2fc2c106f7d3264504c_sol_EBU.hex,teether,runtime,2/27/2023,20241115_0145,1731606254,67.80015254020691,0,ALL,,{},{}
/home/shuo/smartbugs-curated/full/unchecked_low_level_calls.0x663e4229142a27f00bafb5d087e1e730648314c3_sol_ClockAuction.hex,unchecked_low_level_calls.0x663e4229142a27f00bafb5d087e1e730648314c3_sol_ClockAuction.hex,teether,runtime,2/27/2023,20241115_0145,1731606265,58.58314776420593,0,ALL,,{},{}
/home/shuo/smartbugs-curated/full/unchecked_low_level_calls.0xa1fceeff3acc57d257b917e30c4df661401d6431_sol_AirDropContract.hex,unchecked_low_level_calls.0xa1fceeff3acc57d257b917e30c4df661401d6431_sol_AirDropContract.hex,teether,runtime,2/27/2023,20241115_0145,1731606255,70.06292033195496,0,ALL,,{},{}
/home/shuo/smartbugs-curated/full/unchecked_low_level_calls.0x663e4229142a27f00bafb5d087e1e730648314c3_sol_SaleClockAuction.hex,unchecked_low_level_calls.0x663e4229142a27f00bafb5d087e1e730648314c3_sol_SaleClockAuction.hex,teether,runtime,2/27/2023,20241115_0145,1731606260,86.78527522087097,0,ALL,,{},{}
/home/shuo/smartbugs-curated/full/front_running.FindThisHash_sol_FindThisHash.hex,front_running.FindThisHash_sol_FindThisHash.hex,teether,runtime,2/27/2023,20241115_0146,1731606254,111.67381000518799,0,ALL,,{},{}
/home/shuo/smartbugs-curated/full/unchecked_low_level_calls.0x663e4229142a27f00bafb5d087e1e730648314c3_sol_PandaBreeding.hex,unchecked_low_level_calls.0x663e4229142a27f00bafb5d087e1e730648314c3_sol_PandaBreeding.hex,teether,runtime,2/27/2023,20241115_0149,1731606258,286.3843615055084,0,ALL,,{},{}
/home/shuo/smartbugs-curated/full/unchecked_low_level_calls.0xec329ffc97d75fe03428ae155fc7793431487f63_sol_TokenSender.hex,unchecked_low_level_calls.0xec329ffc97d75fe03428ae155fc7793431487f63_sol_TokenSender.hex,teether,runtime,2/27/2023,20241115_0149,1731606254,304.2406144142151,0,ALL,,{},{}
/home/shuo/smartbugs-curated/full/reentrancy.spank_chain_payment_sol_HumanStandardToken.hex,reentrancy.spank_chain_payment_sol_HumanStandardToken.hex,teether,runtime,2/27/2023,20241115_0149,1731606257,333.30730748176575,0,ALL,,{},{}
/home/shuo/smartbugs-curated/full/unchecked_low_level_calls.0x663e4229142a27f00bafb5d087e1e730648314c3_sol_PandaMinting.hex,unchecked_low_level_calls.0x663e4229142a27f00bafb5d087e1e730648314c3_sol_PandaMinting.hex,teether,runtime,2/27/2023,20241115_0150,1731606270,377.8553304672241,0,ALL,,{},{}
/home/shuo/smartbugs-curated/full/unchecked_low_level_calls.0x663e4229142a27f00bafb5d087e1e730648314c3_sol_PandaAuction.hex,unchecked_low_level_calls.0x663e4229142a27f00bafb5d087e1e730648314c3_sol_PandaAuction.hex,teether,runtime,2/27/2023,20241115_0150,1731606266,393.74767088890076,0,ALL,,{},{}
/home/shuo/smartbugs-curated/full/unchecked_low_level_calls.0x663e4229142a27f00bafb5d087e1e730648314c3_sol_PandaCore.hex,unchecked_low_level_calls.0x663e4229142a27f00bafb5d087e1e730648314c3_sol_PandaCore.hex,teether,runtime,2/27/2023,20241115_0203,1731606278,1106.1003820896149,0,ALL,,{},{}
/home/shuo/smartbugs-curated/full/unchecked_low_level_calls.0x89c1b3807d4c67df034fffb62f3509561218d30b_sol_TownCrier.hex,unchecked_low_level_calls.0x89c1b3807d4c67df034fffb62f3509561218d30b_sol_TownCrier.hex,teether,runtime,2/27/2023,20241115_1441,1731604670,48208.21359491348,0,ALL,,{},{}
/home/shuo/smartbugs-curated/full/denial_of_service.list_dos_sol_Government.hex,denial_of_service.list_dos_sol_Government.hex,teether,runtime,2/27/2023,20241116_0109,1731604767,85792.32344865799,0,ALL,,{},{}
/home/shuo/smartbugs-curated/full/bad_randomness.lucky_doubler_sol_LuckyDoubler.hex,bad_randomness.lucky_doubler_sol_LuckyDoubler.hex,teether,runtime,2/27/2023,20241118_0641,1731470085,413227.02622127533,0,ALL,,{},{}
